"Bulbasaur","001","planta","veneno","Espesura","Clorofila","45","49","49","45","65","65"
"Ivysaur","002","planta","veneno","Espesura","Clorofila","60","62","63","60","80","80"
"Venusaur","003","planta","veneno","Espesura","Clorofila","80","82","83","80","100","100"
"Charmander","004","fuego","","Mar Llamas","Poder Solar","39","52","43","65","60","50"
"Charmeleon","005","fuego","","Mar Llamas","Poder Solar","58","64","58","80","80","65"
"Charizard","006","fuego","volador","Mar Llamas","Poder Solar","78","84","78","100","109","85"
"Squirtle","007","agua","","Torrente","Cura Lluvia","44","48","65","43","50","64"
"Wartortle","008","agua","","Torrente","Cura Lluvia","59","63","80","58","65","80"
"Blastoise","009","agua","","Torrente","Cura Lluvia","79","83","100","78","85","105"
"Caterpie","010","bicho","","Polvo Escudo","Fuga","45","30","35","45","20","20"
"Metapod","011","bicho","","Mudar","Mudar","50","20","55","30","25","25"
"Butterfree","012","bicho","volador","Ojo Compuesto","Cromolente","60","45","50","70","90","80"
"Weedle","013","bicho","veneno","Polvo Escudo","Fuga","40","35","30","50","20","20"
"Kakuna","014","bicho","veneno","Mudar","Mudar","45","25","50","35","25","25"
"Beedrill","015","bicho","veneno","Enjambre","Francotirador","65","90","40","75","45","80"
"Pidgey","016","normal","volador","Vista Lince/Tumbos","Sacapecho","40","45","40","56","35","35"
"Pidgeotto","017","normal","volador","Vista Lince/Tumbos","Sacapecho","63","60","55","71","50","50"
"Pidgeot","018","normal","volador","Vista Lince/Tumbos","Sacapecho","83","80","75","101","70","70"
"Rattata","019","normal","","Fuga/Agallas","Entusiasmo","30","56","35","72","25","35"
"Raticate","020","normal","","Fuga/Agallas","Entusiasmo","55","81","60","97","50","70"
"Spearow","021","normal","volador","Vista Lince","Francotirador","40","60","30","70","31","31"
"Fearow","022","normal","volador","Vista Lince","Francotirador","65","90","65","100","61","61"
"Ekans","023","veneno","","Intimidación/Mudar","Nerviosismo","35","60","44","55","40","54"
"Arbok","024","veneno","","Intimidación/Mudar","Nerviosismo","60","95","69","80","65","79"
"Pikachu","025","electrico","","Elec. Estática","Pararrayos","35","55","40","90","50","50"
"Raichu","026","electrico","","Elec. Estática","Pararrayos","60","90","55","110","90","80"
"Sandshrew","027","tierra","","Velo Arena","Ímpetu Arena","50","75","85","40","20","30"
"Sandslash","028","tierra","","Velo Arena","Ímpetu Arena","75","100","110","65","45","55"
"Nidoran♀","029","veneno","","Punto Tóxico/Rivalidad","Entusiasmo","55","47","52","41","40","40"
"Nidorina","030","veneno","","Punto Tóxico/Rivalidad","Entusiasmo","70","62","67","56","55","55"
"Nidoqueen","031","veneno","tierra","Punto Tóxico/Rivalidad","Potencia Bruta","90","92","87","76","75","85"
"Nidoran♂","032","veneno","","Punto Tóxico/Rivalidad","Entusiasmo","46","57","40","50","40","40"
"Nidorino","033","veneno","","Punto Tóxico/Rivalidad","Entusiasmo","61","72","57","65","55","55"
"Nidoking","034","veneno","tierra","Punto Tóxico/Rivalidad","Potencia Bruta","81","102","77","85","85","75"
"Clefairy","035","hada","","Gran Encanto/Muro Mágico","Compiescolta","70","45","48","35","60","65"
"Clefable","036","hada","","Gran Encanto/Muro Mágico","Ignorante","95","70","73","60","95","90"
"Vulpix","037","fuego","","Absorbe Fuego","Sequía","38","41","40","65","50","65"
"Ninetales","038","fuego","","Absorbe Fuego","Sequía","73","76","75","100","81","100"
"Jigglypuff","039","normal","hada","Gran Encanto/Tenacidad","Compiescolta","115","45","20","20","45","25"
"Wigglytuff","040","normal","hada","Gran Encanto/Tenacidad","Cacheo","140","70","45","45","85","50"
"Zubat","041","veneno","volador","Foco Interno","Allanamiento","40","45","35","55","30","40"
"Golbat","042","veneno","volador","Foco Interno","Allanamiento","75","80","70","90","65","75"
"Oddish","043","planta","veneno","Clorofila","Fuga","45","50","55","30","75","65"
"Gloom","044","planta","veneno","Clorofila","Hedor","60","65","70","40","85","75"
"Vileplume","045","planta","veneno","Clorofila","Efecto Espora","75","80","85","50","110","90"
"Paras","046","bicho","planta","Efecto Espora/Piel Seca","Humedad","35","70","55","25","45","55"
"Parasect","047","bicho","planta","Efecto Espora/Piel Seca","Humedad","60","95","80","30","60","80"
"Venonat","048","bicho","veneno","Ojo Compuesto/Cromolente","Fuga","60","55","50","45","40","55"
"Venomoth","049","bicho","veneno","Polvo Escudo/Cromolente","Piel Milagro","70","65","60","90","90","75"
"Diglett","050","tierra","","Velo Arena/Trampa Arena","Poder Arena","10","55","25","95","35","45"
"Dugtrio","051","tierra","","Velo Arena/Trampa Arena","Poder Arena","35","100","50","120","50","70"
"Meowth","052","normal","","Recogida/Experto","Nerviosismo","40","45","35","90","40","40"
"Persian","053","normal","","Flexibilidad/Experto","Nerviosismo","65","70","60","115","65","65"
"Psyduck","054","agua","","Humedad/Aclimatación","Nado Rápido","50","52","48","55","65","50"
"Golduck","055","agua","","Humedad/Aclimatación","Nado Rápido","80","82","78","85","95","80"
"Mankey","056","lucha","","Espíritu Vital/Irascible","Competitivo","40","80","35","70","35","45"
"Primeape","057","lucha","","Espíritu Vital/Irascible","Competitivo","65","105","60","95","60","70"
"Growlithe","058","fuego","","Intimidación/Absorbe Fuego","Justiciero","55","70","45","60","70","50"
"Arcanine","059","fuego","","Intimidación/Absorbe Fuego","Justiciero","90","110","80","95","100","80"
"Poliwag","060","agua","","Absorbe Agua/Humedad","Nado Rápido","40","50","40","90","40","40"
"Poliwhirl","061","agua","","Absorbe Agua/Humedad","Nado Rápido","65","65","65","90","50","50"
"Poliwrath","062","agua","lucha","Absorbe Agua/Humedad","Nado Rápido","90","95","95","70","70","90"
"Abra","063","psiquico","","Sincronía/Foco Interno","Muro Mágico","25","20","15","90","105","55"
"Kadabra","064","psiquico","","Sincronía/Foco Interno","Muro Mágico","40","35","30","105","120","70"
"Alakazam","065","psiquico","","Sincronía/Foco Interno","Muro Mágico","55","50","45","120","135","95"
"Machop","066","lucha","","Agallas/Indefenso","Impasible","70","80","50","35","35","35"
"Machoke","067","lucha","","Agallas/Indefenso","Impasible","80","100","70","45","50","60"
"Machamp","068","lucha","","Agallas/Indefenso","Impasible","90","130","80","55","65","85"
"Bellsprout","069","planta","veneno","Clorofila","Gula","50","75","35","40","70","30"
"Weepinbell","070","planta","veneno","Clorofila","Gula","65","90","50","55","85","45"
"Victreebel","071","planta","veneno","Clorofila","Gula","80","105","65","70","100","70"
"Tentacool","072","agua","veneno","Cuerpo Puro/Lodo Líquido","Cura Lluvia","40","40","35","70","50","100"
"Tentacruel","073","agua","veneno","Cuerpo Puro/Lodo Líquido","Cura Lluvia","80","70","65","100","80","120"
"Geodude","074","roca","tierra","Cabeza Roca/Robustez","Velo Arena","40","80","100","20","30","30"
"Graveler","075","roca","tierra","Cabeza Roca/Robustez","Velo Arena","55","95","115","35","45","45"
"Golem","076","roca","tierra","Cabeza Roca/Robustez","Velo Arena","80","120","130","45","55","65"
"Ponyta","077","fuego","","Fuga/Absorbe Fuego","Cuerpo Llama","50","85","55","90","65","65"
"Rapidash","078","fuego","","Fuga/Absorbe Fuego","Cuerpo Llama","65","100","70","105","80","80"
"Slowpoke","079","agua","psiquico","Despiste/Ritmo Propio","Regeneración","90","65","65","15","40","40"
"Slowbro","080","agua","psiquico","Despiste/Ritmo Propio","Regeneración","95","75","110","30","100","80"
"Magnemite","081","electrico","acero","Imán/Robustez","Cálculo Final","25","35","70","45","95","55"
"Magneton","082","electrico","acero","Imán/Robustez","Cálculo Final","50","60","95","70","120","70"
"Farfetch′d","083","normal","volador","Vista Lince/Foco Interno","Competitivo","52","90","55","60","58","62"
"Doduo","084","normal","volador","Fuga/Madrugar","Tumbos","35","85","45","75","35","35"
"Dodrio","085","normal","volador","Fuga/Madrugar","Tumbos","60","110","70","110","60","60"
"Seel","086","agua","","Sebo/Hidratación","Gélido","65","45","55","45","45","70"
"Dewgong","087","agua","hielo","Sebo/Hidratación","Gélido","90","70","80","70","70","95"
"Grimer","088","veneno","","Hedor/Viscosidad","Toque Tóxico","80","80","50","25","40","50"
"Muk","089","veneno","","Hedor/Viscosidad","Toque Tóxico","105","105","75","50","65","100"
"Shellder","090","agua","","Caparazón/Encadenado","Funda","30","65","100","40","45","25"
"Cloyster","091","agua","hielo","Caparazón/Encadenado","Funda","50","95","180","70","85","45"
"Gastly","092","fantasma","veneno","Levitación","Encadenado","30","35","30","80","100","35"
"Haunter","093","fantasma","veneno","Levitación","Encadenado","45","50","45","95","115","55"
"Gengar","094","fantasma","veneno","Levitación","","60","65","60","110","130","75"
"Onix","095","roca","tierra","Cabeza Roca/Robustez","Armadura Frágil","35","45","160","70","30","45"
"Drowzee","096","psiquico","","Insomnio/Alerta","Foco Interno","60","48","45","42","43","90"
"Hypno","097","psiquico","","Insomnio/Alerta","Foco Interno","85","73","70","67","73","115"
"Krabby","098","agua","","Corte Fuerte/Caparazón","Potencia Bruta","30","105","90","50","25","25"
"Kingler","099","agua","","Corte Fuerte/Caparazón","Potencia Bruta","55","130","115","75","50","50"
"Voltorb","100","electrico","","Insonorizar/Elec. Estática","Detonación","40","30","50","100","55","55"
"Electrode","101","electrico","","Insonorizar/Elec. Estática","Detonación","60","50","70","150","80","80"
"Exeggcute","102","planta","psiquico","Clorofila","Cosecha","60","40","80","40","60","45"
"Exeggutor","103","planta","psiquico","Clorofila","Cosecha","95","95","85","55","125","75"
"Cubone","104","tierra","","Cabeza Roca/Pararrayos","Armadura Batalla","50","50","95","35","40","50"
"Marowak","105","tierra","","Cabeza Roca/Pararrayos","Armadura Batalla","60","80","110","45","50","80"
"Hitmonlee","106","lucha","","Flexibilidad/Audaz","Liviano","50","120","53","87","35","110"
"Hitmonchan","107","lucha","","Vista Lince/Puño Férreo","Foco Interno","50","105","79","76","35","110"
"Lickitung","108","normal","","Ritmo Propio/Despiste","Aclimatación","90","55","75","30","60","75"
"Koffing","109","veneno","","Levitación","Despiste","40","65","95","35","60","45"
"Weezing","110","veneno","","Levitación","Despiste","65","90","120","60","85","70"
"Rhyhorn","111","tierra","roca","Pararrayos/Cabeza Roca","Audaz","80","85","95","25","30","30"
"Rhydon","112","tierra","roca","Pararrayos/Cabeza Roca","Audaz","105","130","120","40","45","45"
"Chansey","113","normal","","Cura Natural/Dicha","Alma Cura","250","5","5","50","35","105"
"Tangela","114","planta","","Clorofila/Defensa Hoja","Regeneración","65","55","115","60","100","40"
"Kangaskhan","115","normal","","Madrugar/Intrépido","Foco Interno","105","95","80","90","40","80"
"Horsea","116","agua","","Nado Rápido/Francotirador","Humedad","30","40","70","60","70","25"
"Seadra","117","agua","","Punto Tóxico/Francotirador","Humedad","55","65","95","85","95","45"
"Goldeen","118","agua","","Nado Rápido/Velo Agua","Pararrayos","45","67","60","63","35","50"
"Seaking","119","agua","","Nado Rápido/Velo Agua","Pararrayos","80","92","65","68","65","80"
"Staryu","120","agua","","Iluminación/Cura Natural","Cálculo Final","30","45","55","85","70","55"
"Starmie","121","agua","psiquico","Iluminación/Cura Natural","Cálculo Final","60","75","85","115","100","85"
"Mr. Mime","122","psiquico","hada","Insonorizar/Filtro","Experto","40","45","65","90","100","120"
"Scyther","123","bicho","volador","Enjambre/Experto","Impasible","70","110","80","105","55","80"
"Jynx","124","hielo","psiquico","Despiste/Alerta","Piel Seca","65","50","35","95","115","95"
"Electabuzz","125","electrico","","Elec. Estática","Espíritu Vital","65","83","57","105","95","85"
"Magmar","126","fuego","","Cuerpo Llama","Espíritu Vital","65","95","57","93","100","85"
"Pinsir","127","bicho","","Corte Fuerte/Rompemoldes","Autoestima","65","125","100","85","55","70"
"Tauros","128","normal","","Intimidación/Irascible","Potencia Bruta","75","100","95","110","40","70"
"Magikarp","129","agua","","Nado Rápido","Cobardía","20","10","55","80","15","20"
"Gyarados","130","agua","volador","Intimidación","Autoestima","95","125","79","81","60","100"
"Lapras","131","agua","hielo","Absorbe Agua/Caparazón","Hidratación","130","85","80","60","85","95"
"Ditto","132","normal","","Flexibilidad","Impostor","48","48","48","48","48","48"
"Eevee","133","normal","","Fuga/Adaptable","Anticipación","55","55","50","55","45","65"
"Vaporeon","134","agua","","Absorbe Agua","Hidratación","130","65","60","65","110","95"
"Jolteon","135","electrico","","Absorbe Elec","Pies Rápidos","65","65","60","130","110","95"
"Flareon","136","fuego","","Absorbe Fuego","Agallas","65","130","60","65","95","110"
"Porygon","137","normal","","Rastro/Descarga","Cálculo Final","65","60","70","40","85","75"
"Omanyte","138","roca","agua","Nado Rápido/Caparazón","Armadura Frágil","35","40","100","35","90","55"
"Omastar","139","roca","agua","Nado Rápido/Caparazón","Armadura Frágil","70","60","125","55","115","70"
"Kabuto","140","roca","agua","Nado Rápido/Armadura Batalla","Armadura Frágil","30","80","90","55","55","45"
"Kabutops","141","roca","agua","Nado Rápido/Armadura Batalla","Armadura Frágil","60","115","105","80","65","70"
"Aerodactyl","142","roca","volador","Cabeza Roca/Presión","Nerviosismo","80","105","65","130","60","75"
"Snorlax","143","normal","","Inmunidad/Sebo","Gula","160","110","65","30","65","110"
"Articuno","144","hielo","volador","Presión","Manto Níveo","90","85","100","85","95","125"
"Zapdos","145","electrico","volador","Presión","Pararrayos","90","90","85","100","125","90"
"Moltres","146","fuego","volador","Presión","Cuerpo Llama","90","100","90","90","125","85"
"Dratini","147","dragon","","Mudar","Escama Especial","41","64","45","50","50","50"
"Dragonair","148","dragon","","Mudar","Escama Especial","61","84","65","70","70","70"
"Dragonite","149","dragon","volador","Foco Interno","Multiescamas","91","134","95","80","100","100"
"Mewtwo","150","psiquico","","Presión","Nerviosismo","106","110","90","130","154","90"
"Mew","151","psiquico","","Sincronía","Nerviosismo","100","100","100","100","100","100"
"Chikorita","152","planta","","Espesura","Defensa Hoja","45","49","65","45","49","65"
"Bayleef","153","planta","","Espesura","Defensa Hoja","60","62","80","60","63","80"
"Meganium","154","planta","","Espesura","Defensa Hoja","80","82","100","80","83","100"
"Cyndaquil","155","fuego","","Mar Llamas","Absorbe Fuego","39","52","43","65","60","50"
"Quilava","156","fuego","","Mar Llamas","Absorbe Fuego","58","64","58","80","80","65"
"Typhlosion","157","fuego","","Mar Llamas","Absorbe Fuego","78","84","78","100","109","85"
"Totodile","158","agua","","Torrente","Potencia Bruta","50","65","64","43","44","48"
"Croconaw","159","agua","","Torrente","Potencia Bruta","65","80","80","58","59","63"
"Feraligatr","160","agua","","Torrente","Potencia Bruta","85","105","100","78","79","83"
"Sentret","161","normal","","Fuga/Vista Lince","Cacheo","35","46","34","20","35","45"
"Furret","162","normal","","Fuga/Vista Lince","Cacheo","85","76","64","90","45","55"
"Hoothoot","163","normal","volador","Insomnio/Vista Lince","Cromolente","60","30","30","50","36","56"
"Noctowl","164","normal","volador","Insomnio/Vista Lince","Cromolente","100","50","50","70","86","96"
"Ledyba","165","bicho","volador","Enjambre/Madrugar","Cobardía","40","20","30","55","40","80"
"Ledian","166","bicho","volador","Enjambre/Madrugar","Puño Férreo","55","35","50","85","55","110"
"Spinarak","167","bicho","veneno","Enjambre/Insomnio","Francotirador","40","60","40","30","40","40"
"Ariados","168","bicho","veneno","Enjambre/Insomnio","Francotirador","70","90","70","40","60","70"
"Crobat","169","veneno","volador","Foco Interno","Allanamiento","85","90","80","130","70","80"
"Chinchou","170","agua","electrico","Absorbe Elec/Iluminación","Absorbe Agua","75","38","38","67","56","56"
"Lanturn","171","agua","electrico","Absorbe Elec/Iluminación","Absorbe Agua","125","58","58","67","76","76"
"Pichu","172","electrico","","Elec. Estática","Pararrayos","20","40","15","60","35","35"
"Cleffa","173","hada","","Gran Encanto/Muro Mágico","Compiescolta","50","25","28","15","45","55"
"Igglybuff","174","normal","hada","Gran Encanto/Tenacidad","Compiescolta","90","30","15","15","40","20"
"Togepi","175","hada","","Entusiasmo/Dicha","Afortunado","35","20","65","20","40","65"
"Togetic","176","hada","volador","Entusiasmo/Dicha","Afortunado","55","40","85","40","80","105"
"Natu","177","psiquico","volador","Sincronía/Madrugar","Espejo Mágico","40","50","45","70","70","45"
"Xatu","178","psiquico","volador","Sincronía/Madrugar","Espejo Mágico","65","75","70","95","95","70"
"Mareep","179","electrico","","Elec. Estática","Más","55","40","40","35","65","45"
"Flaaffy","180","electrico","","Elec. Estática","Más","70","55","55","45","80","60"
"Ampharos","181","electrico","","Elec. Estática","Más","90","75","85","55","115","90"
"Bellossom","182","planta","","Clorofila","Alma Cura","75","80","95","50","90","100"
"Marill","183","agua","hada","Sebo/Potencia","Herbívoro","70","20","50","40","20","50"
"Azumarill","184","agua","hada","Sebo/Potencia","Herbívoro","100","50","80","50","60","80"
"Sudowoodo","185","roca","","Robustez/Cabeza Roca","Cobardía","70","100","115","30","30","65"
"Politoed","186","agua","","Absorbe Agua/Humedad","Llovizna","90","75","75","70","90","100"
"Hoppip","187","planta","volador","Clorofila/Defensa Hoja","Allanamiento","35","35","40","50","35","55"
"Skiploom","188","planta","volador","Clorofila/Defensa Hoja","Allanamiento","55","45","50","80","45","65"
"Jumpluff","189","planta","volador","Clorofila/Defensa Hoja","Allanamiento","75","55","70","110","55","95"
"Aipom","190","normal","","Fuga/Recogida","Encadenado","55","70","55","85","40","55"
"Sunkern","191","planta","","Clorofila/Poder Solar","Madrugar","30","30","30","30","30","30"
"Sunflora","192","planta","","Clorofila/Poder Solar","Madrugar","75","75","55","30","105","85"
"Yanma","193","bicho","volador","Impulso/Ojo Compuesto","Cacheo","65","65","45","95","75","45"
"Wooper","194","agua","tierra","Humedad/Absorbe Agua","Ignorante","55","45","45","15","25","25"
"Quagsire","195","agua","tierra","Humedad/Absorbe Agua","Ignorante","95","85","85","35","65","65"
"Espeon","196","psiquico","","Sincronía","Espejo Mágico","65","65","60","110","130","95"
"Umbreon","197","siniestro","","Sincronía","Foco Interno","95","65","110","65","60","130"
"Murkrow","198","siniestro","volador","Insomnio/Afortunado","Bromista","60","85","42","91","85","42"
"Slowking","199","agua","psiquico","Despiste/Ritmo Propio","Regeneración","95","75","80","30","100","110"
"Misdreavus","200","fantasma","","Levitación","Ritmo Propio","60","60","60","85","85","85"
"Unown","201","psiquico","","Levitación","Ritmo Propio","48","72","48","48","72","48"
"Wobbuffet","202","psiquico","","Sombra Trampa","Telepatía","190","33","58","33","33","58"
"Girafarig","203","normal","psiquico","Foco Interno/Madrugar","Herbívoro","70","80","65","85","90","65"
"Pineco","204","bicho","","Robustez","Funda","50","65","90","15","35","35"
"Forretress","205","bicho","acero","Robustez","Funda","75","90","140","40","60","60"
"Dunsparce","206","normal","","Dicha/Fuga","Cobardía","100","70","70","45","65","65"
"Gligar","207","tierra","volador","Corte Fuerte/Velo Arena","Inmunidad","65","75","105","85","35","65"
"Steelix","208","acero","tierra","Cabeza Roca/Robustez","Potencia Bruta","75","85","200","30","55","65"
"Snubbull","209","hada","","Intimidación/Fuga","Cobardía","60","80","50","30","40","40"
"Granbull","210","hada","","Intimidación/Pies Rápidos","Cobardía","90","120","75","45","60","60"
"Qwilfish","211","agua","veneno","Punto Tóxico/Nado Rápido","Intimidación","65","95","85","85","55","55"
"Scizor","212","bicho","acero","Enjambre/Experto","Metal Liviano","70","130","100","65","55","80"
"Shuckle","213","bicho","roca","Robustez/Gula","Respondón","20","10","230","5","10","230"
"Heracross","214","bicho","lucha","Enjambre/Agallas","Autoestima","80","125","75","85","40","95"
"Sneasel","215","siniestro","hielo","Foco Interno/Vista Lince","Hurto","55","95","55","115","35","75"
"Teddiursa","216","normal","","Recogida/Pies Rápidos","Recogemiel","60","80","50","40","50","50"
"Ursaring","217","normal","","Agallas/Pies Rápidos","Nerviosismo","90","130","75","55","75","75"
"Slugma","218","fuego","","Escudo Magma/Cuerpo Llama","Armadura Frágil","40","40","40","20","70","40"
"Magcargo","219","fuego","roca","Escudo Magma/Cuerpo Llama","Armadura Frágil","60","50","120","30","90","80"
"Swinub","220","hielo","tierra","Despiste/Manto Níveo","Sebo","50","50","40","50","30","30"
"Piloswine","221","hielo","tierra","Despiste/Manto Níveo","Sebo","100","100","80","50","60","60"
"Corsola","222","agua","roca","Entusiasmo/Cura Natural","Regeneración","65","55","95","35","65","95"
"Remoraid","223","agua","","Entusiasmo/Francotirador","Veleta","35","65","35","65","65","35"
"Octillery","224","agua","","Ventosas/Francotirador","Veleta","75","105","75","45","105","75"
"Delibird","225","hielo","volador","Espíritu Vital/Entusiasmo","Insomnio","45","55","45","75","65","45"
"Mantine","226","agua","volador","Nado Rápido/Absorbe Agua","Velo Agua","85","40","70","70","80","140"
"Skarmory","227","acero","volador","Vista Lince/Robustez","Armadura Frágil","65","80","140","70","40","70"
"Houndour","228","siniestro","fuego","Madrugar/Absorbe Fuego","Nerviosismo","45","60","30","65","80","50"
"Houndoom","229","siniestro","fuego","Madrugar/Absorbe Fuego","Nerviosismo","75","90","50","95","110","80"
"Kingdra","230","agua","dragon","Nado Rápido/Francotirador","Humedad","75","95","95","85","95","95"
"Phanpy","231","tierra","","Recogida","Velo Arena","90","60","60","40","40","40"
"Donphan","232","tierra","","Robustez","Velo Arena","90","120","120","50","60","60"
"Porygon2","233","normal","","Rastro/Descarga","Cálculo Final","85","80","90","60","105","95"
"Stantler","234","normal","","Intimidación/Cacheo","Herbívoro","73","95","62","85","85","65"
"Smeargle","235","normal","","Ritmo Propio/Experto","Veleta","55","20","35","75","20","45"
"Tyrogue","236","lucha","","Agallas/Impasible","Espíritu Vital","35","35","35","35","35","35"
"Hitmontop","237","lucha","","Intimidación/Experto","Impasible","50","95","95","70","35","110"
"Smoochum","238","hielo","psiquico","Despiste/Alerta","Hidratación","45","30","15","65","85","65"
"Elekid","239","electrico","","Elec. Estática","Espíritu Vital","45","63","37","95","65","55"
"Magby","240","fuego","","Cuerpo Llama","Espíritu Vital","45","75","37","83","70","55"
"Miltank","241","normal","","Sebo/Intrépido","Herbívoro","95","80","105","100","40","70"
"Blissey","242","normal","","Cura Natural/Dicha","Alma Cura","255","10","10","55","75","135"
"Raikou","243","electrico","","Presión","Foco Interno","90","85","75","115","115","100"
"Entei","244","fuego","","Presión","Foco Interno","115","115","85","100","90","75"
"Suicune","245","agua","","Presión","Foco Interno","100","75","115","85","90","115"
"Larvitar","246","roca","tierra","Agallas","Velo Arena","50","64","50","41","45","50"
"Pupitar","247","roca","tierra","Mudar","Mudar","70","84","70","51","65","70"
"Tyranitar","248","roca","siniestro","Chorro Arena","Nerviosismo","100","134","110","61","95","100"
"Lugia","249","psiquico","volador","Presión","Multiescamas","106","90","130","110","90","154"
"Ho-Oh","250","fuego","volador","Presión","Regeneración","106","130","90","90","110","154"
"Celebi","251","psiquico","planta","Cura Natural","Regeneración","100","100","100","100","100","100"
"Treecko","252","planta","","Espesura","Liviano","40","45","35","70","65","55"
"Grovyle","253","planta","","Espesura","Liviano","50","65","45","95","85","65"
"Sceptile","254","planta","","Espesura","Liviano","70","85","65","120","105","85"
"Torchic","255","fuego","","Mar Llamas","Impulso","45","60","40","45","70","50"
"Combusken","256","fuego","lucha","Mar Llamas","Impulso","60","85","60","55","85","60"
"Blaziken","257","fuego","lucha","Mar Llamas","Impulso","80","120","70","80","110","70"
"Mudkip","258","agua","","Torrente","Humedad","50","70","50","40","50","50"
"Marshtomp","259","agua","tierra","Torrente","Humedad","70","85","70","50","60","70"
"Swampert","260","agua","tierra","Torrente","Humedad","100","110","90","60","85","90"
"Poochyena","261","siniestro","","Fuga/Pies Rápidos","Cobardía","35","55","35","35","30","30"
"Mightyena","262","siniestro","","Intimidación/Pies Rápidos","Autoestima","70","90","70","70","60","60"
"Zigzagoon","263","normal","","Recogida/Gula","Pies Rápidos","38","30","41","60","30","41"
"Linoone","264","normal","","Recogida/Gula","Pies Rápidos","78","70","61","100","50","61"
"Wurmple","265","bicho","","Polvo Escudo","Fuga","45","45","35","20","20","30"
"Silcoon","266","bicho","","Mudar","Mudar","50","35","55","15","25","25"
"Beautifly","267","bicho","volador","Enjambre","Rivalidad","60","70","50","65","100","50"
"Cascoon","268","bicho","","Mudar","Mudar","50","35","55","15","25","25"
"Dustox","269","bicho","veneno","Polvo Escudo","Ojo Compuesto","60","50","70","65","50","90"
"Lotad","270","agua","planta","Nado Rápido/Cura Lluvia","Ritmo Propio","40","30","30","30","40","50"
"Lombre","271","agua","planta","Nado Rápido/Cura Lluvia","Ritmo Propio","60","50","50","50","60","70"
"Ludicolo","272","agua","planta","Nado Rápido/Cura Lluvia","Ritmo Propio","80","70","70","70","90","100"
"Seedot","273","planta","","Clorofila/Madrugar","Hurto","40","40","50","30","30","30"
"Nuzleaf","274","planta","siniestro","Clorofila/Madrugar","Hurto","70","70","40","60","60","40"
"Shiftry","275","planta","siniestro","Clorofila/Madrugar","Hurto","90","100","60","80","90","60"
"Taillow","276","normal","volador","Agallas","Intrépido","40","55","30","85","30","30"
"Swellow","277","normal","volador","Agallas","Intrépido","60","85","60","125","75","50"
"Wingull","278","agua","volador","Vista Lince/Hidratación","Cura Lluvia","40","30","30","85","55","30"
"Pelipper","279","agua","volador","Vista Lince/Llovizna","Cura Lluvia","60","50","100","65","95","70"
"Ralts","280","psiquico","hada","Sincronía/Rastro","Telepatía","28","25","25","40","45","35"
"Kirlia","281","psiquico","hada","Sincronía/Rastro","Telepatía","38","35","35","50","65","55"
"Gardevoir","282","psiquico","hada","Sincronía/Rastro","Telepatía","68","65","65","80","125","115"
"Surskit","283","bicho","agua","Nado Rápido","Cura Lluvia","40","30","32","65","50","52"
"Masquerain","284","bicho","volador","Intimidación","Nerviosismo","70","60","62","80","100","82"
"Shroomish","285","planta","","Efecto Espora/Antídoto","Pies Rápidos","60","40","60","35","40","60"
"Breloom","286","planta","lucha","Efecto Espora/Antídoto","Experto","60","130","80","70","60","60"
"Slakoth","287","normal","","Ausente","Antídoto","60","60","60","30","35","35"
"Vigoroth","288","normal","","Espíritu Vital","Antídoto","80","80","80","90","55","55"
"Slaking","289","normal","","Ausente","Antídoto","150","160","100","100","95","65"
"Nincada","290","bicho","tierra","Ojo Compuesto","Fuga","31","45","90","40","30","30"
"Ninjask","291","bicho","volador","Impulso","Allanamiento","61","90","45","160","50","50"
"Shedinja","292","bicho","fantasma","Superguarda","Superguarda","1","90","45","40","30","30"
"Whismur","293","normal","","Insonorizar","Cobardía","64","51","23","28","51","23"
"Loudred","294","normal","","Insonorizar","Intrépido","84","71","43","48","71","43"
"Exploud","295","normal","","Insonorizar","Intrépido","104","91","63","68","91","73"
"Makuhita","296","lucha","","Sebo/Agallas","Potencia Bruta","72","60","30","25","20","30"
"Hariyama","297","lucha","","Sebo/Agallas","Potencia Bruta","144","120","60","50","40","60"
"Azurill","298","normal","hada","Sebo/Potencia","Herbívoro","50","20","40","20","20","40"
"Nosepass","299","roca","","Robustez/Imán","Poder Arena","30","45","135","30","45","90"
"Skitty","300","normal","","Gran Encanto/Normalidad","Piel Milagro","50","45","45","50","35","35"
"Delcatty","301","normal","","Gran Encanto/Normalidad","Piel Milagro","70","65","65","90","55","55"
"Sableye","302","siniestro","fantasma","Vista Lince/Rezagado","Bromista","50","75","75","50","65","65"
"Mawile","303","acero","hada","Corte Fuerte/Intimidación","Potencia Bruta","50","85","85","50","55","55"
"Aron","304","acero","roca","Robustez/Cabeza Roca","Metal Pesado","50","70","100","30","40","40"
"Lairon","305","acero","roca","Robustez/Cabeza Roca","Metal Pesado","60","90","140","40","50","50"
"Aggron","306","acero","roca","Robustez/Cabeza Roca","Metal Pesado","70","110","180","50","60","60"
"Meditite","307","lucha","psiquico","Energía Pura","Telepatía","30","40","55","60","40","55"
"Medicham","308","lucha","psiquico","Energía Pura","Telepatía","60","60","75","80","60","75"
"Electrike","309","electrico","","Elec. Estática/Pararrayos","Menos","40","45","40","65","65","40"
"Manectric","310","electrico","","Elec. Estática/Pararrayos","Menos","70","75","60","105","105","60"
"Plusle","311","electrico","","Más","Pararrayos","60","50","40","95","85","75"
"Minun","312","electrico","","Menos","Absorbe Elec","60","40","50","95","75","85"
"Volbeat","313","bicho","","Iluminación/Enjambre","Bromista","65","73","75","85","47","85"
"Illumise","314","bicho","","Despiste/Cromolente","Bromista","65","47","75","85","73","85"
"Roselia","315","planta","veneno","Cura Natural/Punto Tóxico","Defensa Hoja","50","60","45","65","100","80"
"Gulpin","316","veneno","","Lodo Líquido/Viscosidad","Gula","70","43","53","40","43","53"
"Swalot","317","veneno","","Lodo Líquido/Viscosidad","Gula","100","73","83","55","73","83"
"Carvanha","318","agua","siniestro","Piel Tosca","Impulso","45","90","20","65","65","20"
"Sharpedo","319","agua","siniestro","Piel Tosca","Impulso","70","120","40","95","95","40"
"Wailmer","320","agua","","Velo Agua/Despiste","Presión","130","70","35","60","70","35"
"Wailord","321","agua","","Velo Agua/Despiste","Presión","170","90","45","60","90","45"
"Numel","322","fuego","tierra","Despiste/Simple","Ritmo Propio","60","60","40","35","65","45"
"Camerupt","323","fuego","tierra","Escudo Magma/Roca Sólida","Irascible","70","100","70","40","105","75"
"Torkoal","324","fuego","","Humo Blanco/Sequía","Caparazón","70","85","140","20","85","70"
"Spoink","325","psiquico","","Sebo/Ritmo Propio","Gula","60","25","35","60","70","80"
"Grumpig","326","psiquico","","Sebo/Ritmo Propio","Gula","80","45","65","80","90","110"
"Spinda","327","normal","","Ritmo Propio/Tumbos","Respondón","60","60","60","60","60","60"
"Trapinch","328","tierra","","Corte Fuerte/Trampa Arena","Potencia Bruta","45","100","45","10","45","45"
"Vibrava","329","tierra","dragon","Levitación","Levitación","50","70","50","70","50","50"
"Flygon","330","tierra","dragon","Levitación","Levitación","80","100","80","100","80","80"
"Cacnea","331","planta","","Velo Arena","Absorbe Agua","50","85","40","35","85","40"
"Cacturne","332","planta","siniestro","Velo Arena","Absorbe Agua","70","115","60","55","115","60"
"Swablu","333","normal","volador","Cura Natural","Aclimatación","45","40","60","50","40","75"
"Altaria","334","dragon","volador","Cura Natural","Aclimatación","75","70","90","80","70","105"
"Zangoose","335","normal","","Inmunidad","Ímpetu Tóxico","73","115","60","90","60","60"
"Seviper","336","veneno","","Mudar","Allanamiento","73","100","60","65","100","60"
"Lunatone","337","roca","psiquico","Levitación","Allanamiento","90","55","65","70","95","85"
"Solrock","338","roca","psiquico","Levitación","Allanamiento","90","95","85","70","55","65"
"Barboach","339","agua","tierra","Despiste/Anticipación","Hidratación","50","48","43","60","46","41"
"Whiscash","340","agua","tierra","Despiste/Anticipación","Hidratación","110","78","73","60","76","71"
"Corphish","341","agua","","Corte Fuerte/Caparazón","Adaptable","43","80","65","35","50","35"
"Crawdaunt","342","agua","siniestro","Corte Fuerte/Caparazón","Adaptable","63","120","85","55","90","55"
"Baltoy","343","tierra","psiquico","Levitación","Caparazón","40","40","55","55","40","70"
"Claydol","344","tierra","psiquico","Levitación","Caparazón","60","70","105","75","70","120"
"Lileep","345","roca","planta","Ventosas","Colector","66","41","77","23","61","87"
"Cradily","346","roca","planta","Ventosas","Colector","86","81","97","43","81","107"
"Anorith","347","roca","bicho","Armadura Batalla","Nado Rápido","45","95","50","75","40","50"
"Armaldo","348","roca","bicho","Armadura Batalla","Nado Rápido","75","125","100","45","70","80"
"Feebas","349","agua","","Nado Rápido/Despiste","Adaptable","20","15","20","80","10","55"
"Milotic","350","agua","","Escama Especial/Tenacidad","Gran Encanto","95","60","79","81","100","125"
"Castform","351","normal","","Predicción","Tenacidad","70","70","70","70","70","70"
"Kecleon","352","normal","","Cambio Color","Mutatipo","60","90","70","40","60","120"
"Shuppet","353","fantasma","","Insomnio/Cacheo","Cuerpo Maldito","44","75","35","45","63","33"
"Banette","354","fantasma","","Insomnio/Cacheo","Cuerpo Maldito","64","115","65","65","83","63"
"Duskull","355","fantasma","","Levitación","Cacheo","20","40","90","25","30","90"
"Dusclops","356","fantasma","","Presión","Cacheo","40","70","130","25","60","130"
"Tropius","357","planta","volador","Clorofila/Poder Solar","Cosecha","99","68","83","51","72","87"
"Chimecho","358","psiquico","","Levitación","Poder Solar","75","50","80","65","95","90"
"Absol","359","siniestro","","Presión/Afortunado","Justiciero","65","130","60","75","75","60"
"Wynaut","360","psiquico","","Sombra Trampa","Telepatía","95","23","48","23","23","48"
"Snorunt","361","hielo","","Foco Interno/Gélido","Veleta","50","50","50","50","50","50"
"Glalie","362","hielo","","Foco Interno/Gélido","Veleta","80","80","80","80","80","80"
"Spheal","363","hielo","agua","Sebo/Gélido","Despiste","70","40","50","25","55","50"
"Sealeo","364","hielo","agua","Sebo/Gélido","Despiste","90","60","70","45","75","70"
"Walrein","365","hielo","agua","Sebo/Gélido","Despiste","110","80","90","65","95","90"
"Clamperl","366","agua","","Caparazón","Cobardía","35","64","85","32","74","55"
"Huntail","367","agua","","Nado Rápido","Velo Agua","55","104","105","52","94","75"
"Gorebyss","368","agua","","Nado Rápido","Hidratación","55","84","105","52","114","75"
"Relicanth","369","agua","roca","Nado Rápido/Cabeza Roca","Robustez","100","90","130","55","45","65"
"Luvdisc","370","agua","","Nado Rápido","Hidratación","43","30","55","97","40","65"
"Bagon","371","dragon","","Cabeza Roca","Potencia Bruta","45","75","60","50","40","30"
"Shelgon","372","dragon","","Cabeza Roca","Funda","65","95","100","50","60","50"
"Salamence","373","dragon","volador","Intimidación","Autoestima","95","135","80","100","110","80"
"Beldum","374","acero","psiquico","Cuerpo Puro","Metal Liviano","40","55","80","30","35","60"
"Metang","375","acero","psiquico","Cuerpo Puro","Metal Liviano","60","75","100","50","55","80"
"Metagross","376","acero","psiquico","Cuerpo Puro","Metal Liviano","80","135","130","70","95","90"
"Regirock","377","roca","","Cuerpo Puro","Robustez","80","100","200","50","50","100"
"Regice","378","hielo","","Cuerpo Puro","Gélido","80","50","100","50","100","200"
"Registeel","379","acero","","Cuerpo Puro","Metal Liviano","80","75","150","50","75","150"
"Latias","380","dragon","psiquico","Levitación","Metal Liviano","80","80","90","110","110","130"
"Latios","381","dragon","psiquico","Levitación","Metal Liviano","80","90","80","110","130","110"
"Kyogre","382","agua","","Llovizna","Metal Liviano","100","100","90","90","150","140"
"Groudon","383","tierra","","Sequía","Metal Liviano","100","150","140","90","100","90"
"Rayquaza","384","dragon","volador","Bucle Aire","Metal Liviano","105","150","90","95","150","90"
"Jirachi","385","acero","psiquico","Dicha","Metal Liviano","100","100","100","100","100","100"
"Deoxys","386","psiquico","","Presión","Metal Liviano","Valor","50","150","50","150","150"
"Turtwig","387","planta","","Espesura","Caparazón","55","68","64","31","45","55"
"Grotle","388","planta","","Espesura","Caparazón","75","89","85","36","55","65"
"Torterra","389","planta","tierra","Espesura","Caparazón","95","109","105","56","75","85"
"Chimchar","390","fuego","","Mar Llamas","Puño Férreo","44","58","44","61","58","44"
"Monferno","391","fuego","lucha","Mar Llamas","Puño Férreo","64","78","52","81","78","52"
"Infernape","392","fuego","lucha","Mar Llamas","Puño Férreo","76","104","71","108","104","71"
"Piplup","393","agua","","Torrente","Competitivo","53","51","53","40","61","56"
"Prinplup","394","agua","","Torrente","Competitivo","64","66","68","50","81","76"
"Empoleon","395","agua","acero","Torrente","Competitivo","84","86","88","60","111","101"
"Starly","396","normal","volador","Vista Lince","Audaz","40","55","30","60","30","30"
"Staravia","397","normal","volador","Intimidación","Audaz","55","75","50","80","40","40"
"Staraptor","398","normal","volador","Intimidación","Audaz","85","120","70","100","50","60"
"Bidoof","399","normal","","Simple/Ignorante","Veleta","59","45","40","31","35","40"
"Bibarel","400","normal","agua","Simple/Ignorante","Veleta","79","85","60","71","55","60"
"Kricketot","401","bicho","","Mudar","Fuga","37","25","41","25","25","41"
"Kricketune","402","bicho","","Enjambre","Experto","77","85","51","65","55","51"
"Shinx","403","electrico","","Rivalidad/Intimidación","Agallas","45","65","34","45","40","34"
"Luxio","404","electrico","","Rivalidad/Intimidación","Agallas","60","85","49","60","60","49"
"Luxray","405","electrico","","Rivalidad/Intimidación","Agallas","80","120","79","70","95","79"
"Budew","406","planta","veneno","Cura Natural/Punto Tóxico","Defensa Hoja","40","30","35","55","50","70"
"Roserade","407","planta","veneno","Cura Natural/Punto Tóxico","Experto","60","70","65","90","125","105"
"Cranidos","408","roca","","Rompemoldes","Potencia Bruta","67","125","40","58","30","30"
"Rampardos","409","roca","","Rompemoldes","Potencia Bruta","97","165","60","58","65","50"
"Shieldon","410","roca","acero","Robustez","Insonorizar","30","42","118","30","42","88"
"Bastiodon","411","roca","acero","Robustez","Insonorizar","60","52","168","30","47","138"
"Burmy","412","bicho","","Mudar","Funda","Valor","40","29","45","36","29"
"Wormadam","413","bicho","planta","Anticipación","Funda","Valor","60","59","85","36","79"
"Mothim","414","bicho","volador","Enjambre","Cromolente","70","94","50","66","94","50"
"Combee","415","bicho","volador","Recogemiel","Entusiasmo","30","30","42","70","30","42"
"Vespiquen","416","bicho","volador","Presión","Nerviosismo","70","80","102","40","80","102"
"Pachirisu","417","electrico","","Fuga/Recogida","Absorbe Elec","60","45","70","95","45","90"
"Buizel","418","agua","","Nado Rápido","Velo Agua","55","65","35","85","60","30"
"Floatzel","419","agua","","Nado Rápido","Velo Agua","85","105","55","115","85","50"
"Cherubi","420","planta","","Clorofila","Velo Agua","45","35","45","35","62","53"
"Cherrim","421","planta","","Don Floral","Velo Agua","70","60","70","85","87","78"
"Shellos","422","agua","","Viscosidad/Colector","Poder Arena","Valor","76","48","48","34","57"
"Gastrodon","423","agua","tierra","Viscosidad/Colector","Poder Arena","Valor","111","83","68","39","92"
"Ambipom","424","normal","","Experto/Recogida","Encadenado","75","100","66","115","60","66"
"Drifloon","425","fantasma","volador","Resquicio/Liviano","Ímpetu Ardiente","90","50","34","70","60","44"
"Drifblim","426","fantasma","volador","Resquicio/Liviano","Ímpetu Ardiente","150","80","44","80","90","54"
"Buneary","427","normal","","Fuga/Zoquete","Flexibilidad","55","66","44","85","44","56"
"Lopunny","428","normal","","Gran Encanto/Zoquete","Flexibilidad","65","76","84","105","54","96"
"Mismagius","429","fantasma","","Levitación","Zoquete","60","60","60","105","105","105"
"Honchkrow","430","siniestro","volador","Insomnio/Afortunado","Autoestima","100","125","52","71","105","52"
"Glameow","431","normal","","Flexibilidad/Ritmo Propio","Vista Lince","49","55","42","85","42","37"
"Purugly","432","normal","","Sebo/Ritmo Propio","Competitivo","71","82","64","112","64","59"
"Chingling","433","psiquico","","Levitación","Ritmo Propio","45","30","50","45","65","50"
"Stunky","434","veneno","siniestro","Hedor/Resquicio","Vista Lince","63","63","47","74","41","41"
"Skuntank","435","veneno","siniestro","Hedor/Resquicio","Vista Lince","103","93","67","84","71","61"
"Bronzor","436","acero","psiquico","Levitación/Ignífugo","Metal Pesado","57","24","86","23","24","86"
"Bronzong","437","acero","psiquico","Levitación/Ignífugo","Metal Pesado","67","89","116","33","79","116"
"Bonsly","438","roca","","Robustez/Cabeza Roca","Cobardía","50","80","95","10","10","45"
"Mime Jr.","439","psiquico","hada","Insonorizar/Filtro","Experto","20","25","45","60","70","90"
"Happiny","440","normal","","Cura Natural/Dicha","Compiescolta","100","5","5","30","15","65"
"Chatot","441","volador","normal","Vista Lince/Tumbos","Sacapecho","76","65","45","91","92","42"
"Spiritomb","442","fantasma","siniestro","Presión","Allanamiento","50","92","108","35","92","108"
"Gible","443","dragon","tierra","Velo Arena","Piel Tosca","58","70","45","42","40","45"
"Gabite","444","dragon","tierra","Velo Arena","Piel Tosca","68","90","65","82","50","55"
"Garchomp","445","dragon","tierra","Velo Arena","Piel Tosca","108","130","95","102","80","85"
"Munchlax","446","normal","","Recogida/Sebo","Gula","135","85","40","5","40","85"
"Riolu","447","lucha","","Impasible/Foco Interno","Bromista","40","70","40","60","35","40"
"Lucario","448","lucha","acero","Impasible/Foco Interno","Justiciero","70","110","70","90","115","70"
"Hippopotas","449","tierra","","Chorro Arena","Poder Arena","68","72","78","32","38","42"
"Hippowdon","450","tierra","","Chorro Arena","Poder Arena","108","112","118","47","68","72"
"Skorupi","451","veneno","bicho","Armadura Batalla/Francotirador","Vista Lince","40","50","90","65","30","55"
"Drapion","452","veneno","siniestro","Armadura Batalla/Francotirador","Vista Lince","70","90","110","95","60","75"
"Croagunk","453","veneno","lucha","Anticipación/Piel Seca","Toque Tóxico","48","61","40","50","61","40"
"Toxicroak","454","veneno","lucha","Anticipación/Piel Seca","Toque Tóxico","83","106","65","85","86","65"
"Carnivine","455","planta","","Levitación","Piel Seca","74","100","72","46","90","72"
"Finneon","456","agua","","Nado Rápido/Colector","Velo Agua","49","49","56","66","49","61"
"Lumineon","457","agua","","Nado Rápido/Colector","Velo Agua","69","69","76","91","69","86"
"Mantyke","458","agua","volador","Nado Rápido/Absorbe Agua","Velo Agua","45","20","50","50","60","120"
"Snover","459","planta","hielo","Nevada","Insonorizar","60","62","50","40","62","60"
"Abomasnow","460","planta","hielo","Nevada","Insonorizar","90","92","75","60","92","85"
"Weavile","461","siniestro","hielo","Presión","Hurto","70","120","65","125","45","85"
"Magnezone","462","electrico","acero","Imán/Robustez","Cálculo Final","70","70","115","60","130","90"
"Lickilicky","463","normal","","Ritmo Propio/Despiste","Aclimatación","110","85","95","50","80","95"
"Rhyperior","464","tierra","roca","Pararrayos/Roca Sólida","Audaz","115","140","130","40","55","55"
"Tangrowth","465","planta","","Clorofila/Defensa Hoja","Regeneración","100","100","125","50","110","50"
"Electivire","466","electrico","","Electromotor","Espíritu Vital","75","123","67","95","95","85"
"Magmortar","467","fuego","","Cuerpo Llama","Espíritu Vital","75","95","67","83","125","95"
"Togekiss","468","hada","volador","Entusiasmo/Dicha","Afortunado","85","50","95","80","120","115"
"Yanmega","469","bicho","volador","Impulso/Cromolente","Cacheo","86","76","86","95","116","56"
"Leafeon","470","planta","","Defensa Hoja","Clorofila","65","110","130","95","60","65"
"Glaceon","471","hielo","","Manto Níveo","Gélido","65","60","110","65","130","95"
"Gliscor","472","tierra","volador","Corte Fuerte/Velo Arena","Antídoto","75","95","125","95","45","75"
"Mamoswine","473","hielo","tierra","Despiste/Manto Níveo","Sebo","110","130","80","80","70","60"
"Porygon-Z","474","normal","","Adaptable/Descarga","Cálculo Final","85","80","70","90","135","75"
"Gallade","475","psiquico","lucha","Impasible","Justiciero","68","125","65","80","65","115"
"Probopass","476","roca","acero","Robustez/Imán","Poder Arena","60","55","145","40","75","150"
"Dusknoir","477","fantasma","","Presión","Cacheo","45","100","135","45","65","135"
"Froslass","478","hielo","fantasma","Manto Níveo","Cuerpo Maldito","70","80","70","110","80","70"
"Rotom","479","electrico","fantasma","Levitación","Cuerpo Maldito","Valor","50","50","77","91","95"
"Uxie","480","psiquico","","Levitación","Cuerpo Maldito","75","75","130","95","75","130"
"Mesprit","481","psiquico","","Levitación","Cuerpo Maldito","80","105","105","80","105","105"
"Azelf","482","psiquico","","Levitación","Cuerpo Maldito","75","125","70","115","125","70"
"Dialga","483","acero","dragon","Presión","Telepatía","100","120","120","90","150","100"
"Palkia","484","agua","dragon","Presión","Telepatía","90","120","100","100","150","120"
"Heatran","485","fuego","acero","Absorbe Fuego","Cuerpo Llama","91","90","106","77","130","106"
"Regigigas","486","normal","","Inicio Lento","Cuerpo Llama","110","160","110","100","80","110"
"Giratina","487","fantasma","dragon","Presión","Telepatía","Valor","150","100","120","90","100"
"Cresselia","488","psiquico","","Levitación","Telepatía","120","70","120","85","75","130"
"Phione","489","agua","","Hidratación","Telepatía","80","80","80","80","80","80"
"Manaphy","490","agua","","Hidratación","Telepatía","100","100","100","100","100","100"
"Darkrai","491","siniestro","","Mal Sueño","Telepatía","70","90","90","125","135","90"
"Shaymin","492","planta","","Cura Natural","Telepatía","Valor","100","100","100","100","100"
"Arceus","493","normal","","Multitipo","Telepatía","120","120","120","120","120","120"
"Victini","494","psiquico","fuego","Tinovictoria","Telepatía","100","100","100","100","100","100"
"Snivy","495","planta","","Espesura","Respondón","45","45","55","63","45","55"
"Servine","496","planta","","Espesura","Respondón","60","60","75","83","60","75"
"Serperior","497","planta","","Espesura","Respondón","75","75","95","113","75","95"
"Tepig","498","fuego","","Mar Llamas","Sebo","65","63","45","45","45","45"
"Pignite","499","fuego","lucha","Mar Llamas","Sebo","90","93","55","55","70","55"
"Emboar","500","fuego","lucha","Mar Llamas","Audaz","110","123","65","65","100","65"
"Oshawott","501","agua","","Torrente","Caparazón","55","55","45","45","63","45"
"Dewott","502","agua","","Torrente","Caparazón","75","75","60","60","83","60"
"Samurott","503","agua","","Torrente","Caparazón","95","100","85","70","108","70"
"Patrat","504","normal","","Fuga/Vista Lince","Cálculo Final","45","55","39","42","35","39"
"Watchog","505","normal","","Iluminación/Vista Lince","Cálculo Final","60","85","69","77","60","69"
"Lillipup","506","normal","","Espíritu Vital/Recogida","Fuga","45","60","45","55","25","45"
"Herdier","507","normal","","Intimidación/Ímpetu Arena","Intrépido","65","80","65","60","35","65"
"Stoutland","508","normal","","Intimidación/Ímpetu Arena","Intrépido","85","110","90","80","45","90"
"Purrloin","509","siniestro","","Flexibilidad/Liviano","Bromista","41","50","37","66","50","37"
"Liepard","510","siniestro","","Flexibilidad/Liviano","Bromista","64","88","50","106","88","50"
"Pansage","511","planta","","Gula","Espesura","50","53","48","64","53","48"
"Simisage","512","planta","","Gula","Espesura","75","98","63","101","98","63"
"Pansear","513","fuego","","Gula","Mar Llamas","50","53","48","64","53","48"
"Simisear","514","fuego","","Gula","Mar Llamas","75","98","63","101","98","63"
"Panpour","515","agua","","Gula","Torrente","50","53","48","64","53","48"
"Simipour","516","agua","","Gula","Torrente","75","98","63","101","98","63"
"Munna","517","psiquico","","Alerta/Sincronía","Telepatía","76","25","45","24","67","55"
"Musharna","518","psiquico","","Alerta/Sincronía","Telepatía","116","55","85","29","107","95"
"Pidove","519","normal","volador","Sacapecho/Afortunado","Rivalidad","50","55","50","43","36","30"
"Tranquill","520","normal","volador","Sacapecho/Afortunado","Rivalidad","62","77","62","65","50","42"
"Unfezant","521","normal","volador","Sacapecho/Afortunado","Rivalidad","80","115","80","93","65","55"
"Blitzle","522","electrico","","Pararrayos/Electromotor","Herbívoro","45","60","32","76","50","32"
"Zebstrika","523","electrico","","Pararrayos/Electromotor","Herbívoro","75","100","63","116","80","63"
"Roggenrola","524","roca","","Robustez/Armadura Frágil","Poder Arena","55","75","85","15","25","25"
"Boldore","525","roca","","Robustez/Armadura Frágil","Poder Arena","70","105","105","20","50","40"
"Gigalith","526","roca","","Robustez/Chorro Arena","Poder Arena","85","135","130","25","60","80"
"Woobat","527","psiquico","volador","Ignorante/Zoquete","Simple","65","45","43","72","55","43"
"Swoobat","528","psiquico","volador","Ignorante/Zoquete","Simple","67","57","55","114","77","55"
"Drilbur","529","tierra","","Ímpetu Arena/Poder Arena","Rompemoldes","60","85","40","68","30","45"
"Excadrill","530","tierra","acero","Ímpetu Arena/Poder Arena","Rompemoldes","110","135","60","88","50","65"
"Audino","531","normal","","Alma Cura/Regeneración","Zoquete","103","60","86","50","60","86"
"Timburr","532","lucha","","Agallas/Potencia Bruta","Puño Férreo","75","80","55","35","25","35"
"Gurdurr","533","lucha","","Agallas/Potencia Bruta","Puño Férreo","85","105","85","40","40","50"
"Conkeldurr","534","lucha","","Agallas/Potencia Bruta","Puño Férreo","105","140","95","45","55","65"
"Tympole","535","agua","","Nado Rápido/Hidratación","Absorbe Agua","50","50","40","64","50","40"
"Palpitoad","536","agua","tierra","Nado Rápido/Hidratación","Absorbe Agua","75","65","55","69","65","55"
"Seismitoad","537","agua","tierra","Nado Rápido/Toque Tóxico","Absorbe Agua","105","95","75","74","85","75"
"Throh","538","lucha","","Agallas/Foco Interno","Rompemoldes","120","100","85","45","30","85"
"Sawk","539","lucha","","Robustez/Foco Interno","Rompemoldes","75","125","75","85","30","75"
"Sewaddle","540","bicho","planta","Enjambre/Clorofila","Funda","45","53","70","42","40","60"
"Swadloon","541","bicho","planta","Defensa Hoja/Clorofila","Funda","55","63","90","42","50","80"
"Leavanny","542","bicho","planta","Enjambre/Clorofila","Funda","75","103","80","92","70","80"
"Venipede","543","bicho","veneno","Punto Tóxico/Enjambre","Impulso","30","45","59","57","30","39"
"Whirlipede","544","bicho","veneno","Punto Tóxico/Enjambre","Impulso","40","55","99","47","40","79"
"Scolipede","545","bicho","veneno","Punto Tóxico/Enjambre","Impulso","60","100","89","112","55","69"
"Cottonee","546","planta","hada","Bromista/Allanamiento","Clorofila","40","27","60","66","37","50"
"Whimsicott","547","planta","hada","Bromista/Allanamiento","Clorofila","60","67","85","116","77","75"
"Petilil","548","planta","","Clorofila/Ritmo Propio","Defensa Hoja","45","35","50","30","70","50"
"Lilligant","549","planta","","Clorofila/Ritmo Propio","Defensa Hoja","70","60","75","90","110","75"
"Basculin","550","agua","","Audaz/Adaptable","Rompemoldes","Valor","70","92","65","98","80"
"Sandile","551","tierra","siniestro","Intimidación/Autoestima","Irascible","50","72","35","65","35","35"
"Krokorok","552","tierra","siniestro","Intimidación/Autoestima","Irascible","60","82","45","74","45","45"
"Krookodile","553","tierra","siniestro","Intimidación/Autoestima","Irascible","95","117","80","92","65","70"
"Darumaka","554","fuego","","Entusiasmo","Foco Interno","70","90","45","50","15","45"
"Darmanitan","555","fuego","","Potencia Bruta","Modo Daruma","Valor","105","140","55","95","30"
"Maractus","556","planta","","Absorbe Agua/Clorofila","Colector","75","86","67","60","106","67"
"Dwebble","557","bicho","roca","Robustez/Caparazón","Armadura Frágil","50","65","85","55","35","35"
"Crustle","558","bicho","roca","Robustez/Caparazón","Armadura Frágil","70","105","125","45","65","75"
"Scraggy","559","siniestro","lucha","Mudar/Autoestima","Intimidación","50","75","70","48","35","70"
"Scrafty","560","siniestro","lucha","Mudar/Autoestima","Intimidación","65","90","115","58","45","115"
"Sigilyph","561","psiquico","volador","Piel Milagro/Muro Mágico","Cromolente","72","58","80","97","103","80"
"Yamask","562","fantasma","","Momia","Muro Mágico","38","30","85","30","55","65"
"Cofagrigus","563","fantasma","","Momia","Muro Mágico","58","50","145","30","95","105"
"Tirtouga","564","agua","roca","Roca Sólida/Robustez","Nado Rápido","54","78","103","22","53","45"
"Carracosta","565","agua","roca","Roca Sólida/Robustez","Nado Rápido","74","108","133","32","83","65"
"Archen","566","roca","volador","Flaqueza","Robustez","55","112","45","70","74","45"
"Archeops","567","roca","volador","Flaqueza","Robustez","75","140","65","110","112","65"
"Trubbish","568","veneno","","Hedor/Viscosidad","Detonación","50","50","62","65","40","62"
"Garbodor","569","veneno","","Hedor/Armadura Frágil","Detonación","80","95","82","75","60","82"
"Zorua","570","siniestro","","Ilusión","Armadura Frágil","40","65","40","65","80","40"
"Zoroark","571","siniestro","","Ilusión","Armadura Frágil","60","105","60","105","120","60"
"Minccino","572","normal","","Gran Encanto/Experto","Encadenado","55","50","40","75","40","40"
"Cinccino","573","normal","","Gran Encanto/Experto","Encadenado","75","95","60","115","65","60"
"Gothita","574","psiquico","","Cacheo/Tenacidad","Sombra Trampa","45","30","50","45","55","65"
"Gothorita","575","psiquico","","Cacheo/Tenacidad","Sombra Trampa","60","45","70","55","75","85"
"Gothitelle","576","psiquico","","Cacheo/Tenacidad","Sombra Trampa","70","55","95","65","95","110"
"Solosis","577","psiquico","","Funda/Muro Mágico","Regeneración","45","30","40","20","105","50"
"Duosion","578","psiquico","","Funda/Muro Mágico","Regeneración","65","40","50","30","125","60"
"Reuniclus","579","psiquico","","Funda/Muro Mágico","Regeneración","110","65","75","30","125","85"
"Ducklett","580","agua","volador","Vista Lince/Sacapecho","Hidratación","62","44","50","55","44","50"
"Swanna","581","agua","volador","Vista Lince/Sacapecho","Hidratación","75","87","63","98","87","63"
"Vanillite","582","hielo","","Gélido/Manto Níveo","Armadura Frágil","36","50","50","44","65","60"
"Vanillish","583","hielo","","Gélido/Manto Níveo","Armadura Frágil","51","65","65","59","80","75"
"Vanilluxe","584","hielo","","Gélido/Nevada","Armadura Frágil","71","95","85","79","110","95"
"Deerling","585","normal","planta","Clorofila/Herbívoro","Dicha","60","60","50","75","40","50"
"Sawsbuck","586","normal","planta","Clorofila/Herbívoro","Dicha","80","100","70","95","60","70"
"Emolga","587","electrico","volador","Elec. Estática","Electromotor","55","75","60","103","75","60"
"Karrablast","588","bicho","","Enjambre/Mudar","Indefenso","50","75","45","60","40","45"
"Escavalier","589","bicho","acero","Enjambre/Caparazón","Funda","70","135","105","20","60","105"
"Foongus","590","planta","veneno","Efecto Espora","Regeneración","69","55","45","15","55","55"
"Amoonguss","591","planta","veneno","Efecto Espora","Regeneración","114","85","70","30","85","80"
"Frillish","592","agua","fantasma","Absorbe Agua/Cuerpo Maldito","Humedad","55","40","50","40","65","85"
"Jellicent","593","agua","fantasma","Absorbe Agua/Cuerpo Maldito","Humedad","100","60","70","60","85","105"
"Alomomola","594","agua","","Alma Cura/Hidratación","Regeneración","165","75","80","65","40","45"
"Joltik","595","bicho","electrico","Ojo Compuesto/Nerviosismo","Enjambre","50","47","50","65","57","50"
"Galvantula","596","bicho","electrico","Ojo Compuesto/Nerviosismo","Enjambre","70","77","60","108","97","60"
"Ferroseed","597","planta","acero","Punta Acero","Nerviosismo","44","50","91","10","24","86"
"Ferrothorn","598","planta","acero","Punta Acero","Anticipación","74","94","131","20","54","116"
"Klink","599","acero","","Más/Menos","Cuerpo Puro","40","55","70","30","45","60"
"Klang","600","acero","","Más/Menos","Cuerpo Puro","60","80","95","50","70","85"
"Klinklang","601","acero","","Más/Menos","Cuerpo Puro","60","100","115","90","70","85"
"Tynamo","602","electrico","","Levitación","Menos","35","55","40","60","45","40"
"Eelektrik","603","electrico","","Levitación","Menos","65","85","70","40","75","70"
"Eelektross","604","electrico","","Levitación","Menos","85","115","80","50","105","80"
"Elgyem","605","psiquico","","Telepatía/Sincronía","Cálculo Final","55","55","55","30","85","55"
"Beheeyem","606","psiquico","","Telepatía/Sincronía","Cálculo Final","75","75","75","40","125","95"
"Litwick","607","fantasma","fuego","Absorbe Fuego/Cuerpo Llama","Allanamiento","50","30","55","20","65","55"
"Lampent","608","fantasma","fuego","Absorbe Fuego/Cuerpo Llama","Allanamiento","60","40","60","55","95","60"
"Chandelure","609","fantasma","fuego","Absorbe Fuego/Cuerpo Llama","Allanamiento","60","55","90","80","145","90"
"Axew","610","dragon","","Rivalidad/Rompemoldes","Nerviosismo","46","87","60","57","30","40"
"Fraxure","611","dragon","","Rivalidad/Rompemoldes","Nerviosismo","66","117","70","67","40","50"
"Haxorus","612","dragon","","Rivalidad/Rompemoldes","Nerviosismo","76","147","90","97","60","70"
"Cubchoo","613","hielo","","Manto Níveo/Quitanieves","Cobardía","55","70","40","40","60","40"
"Beartic","614","hielo","","Manto Níveo/Quitanieves","Nado Rápido","95","130","80","50","70","80"
"Cryogonal","615","hielo","","Levitación","Quitanieves","80","50","50","105","95","135"
"Shelmet","616","bicho","","Hidratación/Caparazón","Funda","50","40","85","25","40","65"
"Accelgor","617","bicho","","Hidratación/Viscosidad","Liviano","80","70","40","145","100","60"
"Stunfisk","618","electrico","tierra","Elec. Estática/Flexibilidad","Velo Arena","109","66","84","32","81","99"
"Mienfoo","619","lucha","","Foco Interno/Regeneración","Audaz","45","85","50","65","55","50"
"Mienshao","620","lucha","","Foco Interno/Regeneración","Audaz","65","125","60","105","95","60"
"Druddigon","621","dragon","","Piel Tosca/Potencia Bruta","Rompemoldes","77","120","90","48","60","90"
"Golett","622","tierra","fantasma","Puño Férreo/Zoquete","Indefenso","59","74","50","35","35","50"
"Golurk","623","tierra","fantasma","Puño Férreo/Zoquete","Indefenso","89","124","80","55","55","80"
"Pawniard","624","acero","siniestro","Competitivo/Foco Interno","Presión","45","85","70","60","40","40"
"Bisharp","625","acero","siniestro","Competitivo/Foco Interno","Presión","65","125","100","70","60","70"
"Bouffalant","626","normal","","Audaz/Herbívoro","Insonorizar","95","110","95","55","40","95"
"Rufflet","627","normal","volador","Vista Lince/Potencia Bruta","Entusiasmo","70","83","50","60","37","50"
"Braviary","628","normal","volador","Vista Lince/Potencia Bruta","Competitivo","100","123","75","80","57","75"
"Vullaby","629","siniestro","volador","Sacapecho/Funda","Armadura Frágil","70","55","75","60","45","65"
"Mandibuzz","630","siniestro","volador","Sacapecho/Funda","Armadura Frágil","110","65","105","80","55","95"
"Heatmor","631","fuego","","Gula/Absorbe Fuego","Humo Blanco","85","97","66","65","105","66"
"Durant","632","bicho","acero","Enjambre/Entusiasmo","Ausente","58","109","112","109","48","48"
"Deino","633","siniestro","dragon","Entusiasmo","Entusiasmo","52","65","50","38","45","50"
"Zweilous","634","siniestro","dragon","Entusiasmo","Entusiasmo","72","85","70","58","65","70"
"Hydreigon","635","siniestro","dragon","Levitación","Entusiasmo","92","105","90","98","125","90"
"Larvesta","636","bicho","fuego","Cuerpo Llama","Enjambre","55","85","55","60","50","55"
"Volcarona","637","bicho","fuego","Cuerpo Llama","Enjambre","85","60","65","100","135","105"
"Cobalion","638","acero","lucha","Justiciero","Enjambre","91","90","129","108","90","72"
"Terrakion","639","roca","lucha","Justiciero","Enjambre","91","129","90","108","72","90"
"Virizion","640","planta","lucha","Justiciero","Enjambre","91","90","72","108","90","129"
"Tornadus","641","volador","","Bromista","Competitivo","Valor","79","115","70","111","125"
"Thundurus","642","electrico","volador","Bromista","Competitivo","Valor","79","115","70","111","125"
"Reshiram","643","dragon","fuego","Turbollama","Competitivo","100","120","100","90","150","120"
"Zekrom","644","dragon","electrico","Terravoltaje","Competitivo","100","150","120","90","120","100"
"Landorus","645","tierra","volador","Poder Arena","Potencia Bruta","Valor","89","125","90","101","115"
"Kyurem","646","dragon","hielo","Presión","Potencia Bruta","Valor","125","130","90","95","130"
"Keldeo","647","agua","lucha","Justiciero","Potencia Bruta","Valor","91","72","90","108","129"
"Meloetta","648","normal","psiquico","Dicha","Potencia Bruta","Valor","100","77","77","90","128"
"Genesect","649","bicho","acero","Descarga","Potencia Bruta","71","120","95","99","120","95"
"Chespin","650","planta","","Espesura","Antibalas","56","61","65","38","48","45"
"Quilladin","651","planta","","Espesura","Antibalas","61","78","95","57","56","58"
"Chesnaught","652","planta","lucha","Espesura","Antibalas","88","107","122","64","74","75"
"Fennekin","653","fuego","","Mar Llamas","Prestidigitador","40","45","40","60","62","60"
"Braixen","654","fuego","","Mar Llamas","Prestidigitador","59","59","58","73","90","70"
"Delphox","655","fuego","psiquico","Mar Llamas","Prestidigitador","75","69","72","104","114","100"
"Froakie","656","agua","","Torrente","Mutatipo","41","56","40","71","62","44"
"Frogadier","657","agua","","Torrente","Mutatipo","54","63","52","97","83","56"
"Greninja","658","agua","siniestro","Torrente","Mutatipo","Valor","72","95","67","122","103"
"Bunnelby","659","normal","","Recogida/Carrillo","Potencia","38","36","38","57","32","36"
"Diggersby","660","normal","tierra","Recogida/Carrillo","Potencia","85","56","77","78","50","77"
"Fletchling","661","normal","volador","Sacapecho","Alas Vendaval","45","50","43","62","40","38"
"Fletchinder","662","fuego","volador","Cuerpo Llama","Alas Vendaval","62","73","55","84","56","52"
"Talonflame","663","fuego","volador","Cuerpo Llama","Alas Vendaval","78","81","71","126","74","69"
"Scatterbug","664","bicho","","Polvo Escudo/Ojo Compuesto","Compiescolta","38","35","40","35","27","25"
"Spewpa","665","bicho","","Mudar/Mudar","Compiescolta","45","22","60","29","27","30"
"Vivillon","666","bicho","volador","Polvo Escudo/Ojo Compuesto","Compiescolta","80","52","50","89","90","50"
"Litleo","667","fuego","normal","Rivalidad/Nerviosismo","Autoestima","62","50","58","72","73","54"
"Pyroar","668","fuego","normal","Rivalidad/Nerviosismo","Autoestima","86","68","72","106","109","66"
"Flabébé","669","hada","","Velo Flor","Simbiosis","44","38","39","42","61","79"
"Floette","670","hada","","Velo Flor","Simbiosis","54","45","47","52","75","98"
"Florges","671","hada","","Velo Flor","Simbiosis","78","65","68","75","112","154"
"Skiddo","672","planta","","Herbívoro","Manto Frondoso","66","65","48","52","62","57"
"Gogoat","673","planta","","Herbívoro","Manto Frondoso","123","100","62","68","97","81"
"Pancham","674","lucha","","Puño Férreo/Rompemoldes","Intrépido","67","82","62","43","46","48"
"Pangoro","675","lucha","siniestro","Puño Férreo/Rompemoldes","Intrépido","95","124","78","58","69","71"
"Furfrou","676","normal","","Pelaje Recio","Rompemoldes","75","80","60","102","65","90"
"Espurr","677","psiquico","","Vista Lince/Allanamiento","Ritmo Propio","62","48","54","68","63","60"
"Meowstic","678","psiquico","","Vista Lince/Allanamiento","Bromista","Valor","74","48","76","104","83"
"Honedge","679","acero","fantasma","Indefenso","Allanamiento","45","80","100","28","35","37"
"Doublade","680","acero","fantasma","Indefenso","Allanamiento","59","110","150","35","45","49"
"Aegislash","681","acero","fantasma","Cambio Táctico","Allanamiento","60","50","150","60","50","150"
"Spritzee","682","hada","","Alma Cura","Velo Aroma","78","52","60","23","63","65"
"Aromatisse","683","hada","","Alma Cura","Velo Aroma","101","72","72","29","99","89"
"Swirlix","684","hada","","Velo Dulce","Liviano","62","48","66","49","59","57"
"Slurpuff","685","hada","","Velo Dulce","Liviano","82","80","86","72","85","75"
"Inkay","686","siniestro","psiquico","Respondón/Ventosas","Allanamiento","53","54","53","45","37","46"
"Malamar","687","siniestro","psiquico","Respondón/Ventosas","Allanamiento","86","92","88","73","68","75"
"Binacle","688","roca","agua","Garra Dura/Francotirador","Hurto","42","52","67","50","39","56"
"Barbaracle","689","roca","agua","Garra Dura/Francotirador","Hurto","72","105","115","68","54","86"
"Skrelp","690","veneno","agua","Punto Tóxico/Toque Tóxico","Adaptable","50","60","60","30","60","60"
"Dragalge","691","veneno","dragon","Punto Tóxico/Toque Tóxico","Adaptable","65","75","90","44","97","123"
"Clauncher","692","agua","","Megadisparador","Toque Tóxico","50","53","62","44","58","63"
"Clawitzer","693","agua","","Megadisparador","Toque Tóxico","71","73","88","59","120","89"
"Helioptile","694","electrico","normal","Piel Seca/Velo Arena","Poder Solar","44","38","33","70","61","43"
"Heliolisk","695","electrico","normal","Piel Seca/Velo Arena","Poder Solar","62","55","52","109","109","94"
"Tyrunt","696","roca","dragon","Mandíbula Fuerte","Robustez","58","89","77","48","45","45"
"Tyrantrum","697","roca","dragon","Mandíbula Fuerte","Cabeza Roca","82","121","119","71","69","59"
"Amaura","698","roca","hielo","Piel Helada","Nevada","77","59","50","46","67","63"
"Aurorus","699","roca","hielo","Piel Helada","Nevada","123","77","72","58","99","92"
"Sylveon","700","hada","","Gran Encanto","Piel Feérica","95","65","65","60","110","130"
"Hawlucha","701","lucha","volador","Flexibilidad/Liviano","Rompemoldes","78","92","75","118","74","63"
"Dedenne","702","electrico","hada","Carrillo/Recogida","Más","67","58","57","101","81","67"
"Carbink","703","roca","hada","Cuerpo Puro","Robustez","50","50","150","50","50","150"
"Goomy","704","dragon","","Herbívoro/Hidratación","Baba","45","50","35","40","55","75"
"Sliggoo","705","dragon","","Herbívoro/Hidratación","Baba","68","75","53","60","83","113"
"Goodra","706","dragon","","Herbívoro/Hidratación","Baba","90","100","70","80","110","150"
"Klefki","707","acero","hada","Bromista","Prestidigitador","57","80","91","75","80","87"
"Phantump","708","fantasma","planta","Cura Natural/Cacheo","Cosecha","43","70","48","38","50","60"
"Trevenant","709","fantasma","planta","Cura Natural/Cacheo","Cosecha","85","110","76","56","65","82"
"Pumpkaboo","710","fantasma","planta","Recogida/Cacheo","Insomnio","44","66","70","56","44","55"
"Gourgeist","711","fantasma","planta","Recogida/Cacheo","Insomnio","55","85","122","99","58","75"
"Bergmite","712","hielo","","Ritmo Propio/Gélido","Robustez","55","69","85","28","32","35"
"Avalugg","713","hielo","","Ritmo Propio/Gélido","Robustez","95","117","184","28","44","46"
"Noibat","714","volador","dragon","Cacheo/Allanamiento","Telepatía","40","30","35","55","45","40"
"Noivern","715","volador","dragon","Cacheo/Allanamiento","Telepatía","85","70","80","123","97","80"
"Xerneas","716","hada","","Aura Feérica","Allanamiento","126","131","95","99","131","98"
"Yveltal","717","siniestro","volador","Aura Oscura","Allanamiento","126","131","95","99","131","98"
"Zygarde","718","dragon","tierra","Rompeaura","Allanamiento","Valor","108","100","121","95","81"
"Diancie","719","roca","hada","Cuerpo Puro","Allanamiento","50","100","150","50","100","150"
"Hoopa","720","psiquico","fantasma","Prestidigitador","Allanamiento","Valor","80","110","60","70","150"
"Volcanion","721","fuego","agua","Absorbe Agua","Allanamiento","80","110","120","70","130","90"
"Rowlet","722","planta","volador","Espesura","Remoto","68","55","55","42","50","50"
"Dartrix","723","planta","volador","Espesura","Remoto","78","75","75","52","70","70"
"Decidueye","724","planta","fantasma","Espesura","Remoto","78","107","75","70","100","100"
"Litten","725","fuego","","Mar Llamas","Intimidación","45","65","40","70","60","40"
"Torracat","726","fuego","","Mar Llamas","Intimidación","65","85","50","90","80","50"
"Incineroar","727","fuego","siniestro","Mar Llamas","Intimidación","95","115","90","60","80","90"
"Popplio","728","agua","","Torrente","Voz Fluida","50","54","54","40","66","56"
"Brionne","729","agua","","Torrente","Voz Fluida","60","69","69","50","91","81"
"Primarina","730","agua","hada","Torrente","Voz Fluida","80","74","74","60","126","116"
"Pikipek","731","normal","volador","Vista Lince/Encadenado","Recogida","35","75","30","65","30","30"
"Trumbeak","732","normal","volador","Vista Lince/Encadenado","Recogida","55","85","50","75","40","50"
"Toucannon","733","normal","volador","Vista Lince/Encadenado","Potencia Bruta","80","120","75","60","75","75"
"Yungoos","734","normal","","Vigilante/Mandíbula Fuerte","Adaptable","48","70","30","45","30","30"
"Gumshoos","735","normal","","Vigilante/Mandíbula Fuerte","Adaptable","88","110","60","45","55","60"
"Grubbin","736","bicho","","Enjambre","Mandíbula Fuerte","47","62","45","46","55","45"
"Charjabug","737","bicho","electrico","Batería","Mandíbula Fuerte","57","82","95","36","55","75"
"Vikavolt","738","bicho","electrico","Levitación","Mandíbula Fuerte","77","70","90","43","145","75"
"Crabrawler","739","lucha","","Corte Fuerte/Puño Férreo","Irascible","47","82","57","63","42","47"
"Crabominable","740","lucha","hielo","Corte Fuerte/Puño Férreo","Irascible","97","132","77","43","62","67"
"Oricorio","741","fuego","volador","Pareja de Baile","Puño Férreo","Valor","75","70","70","93","98"
"Cutiefly","742","bicho","hada","Recogemiel/Polvo Escudo","Velo Dulce","40","45","40","84","55","40"
"Ribombee","743","bicho","hada","Recogemiel/Polvo Escudo","Velo Dulce","60","55","60","124","95","70"
"Rockruff","744","roca","","Vista Lince/Espíritu Vital","Impasible","45","65","40","60","30","40"
"Lycanroc","745","roca","","Vista Lince/Ímpetu Arena","Impasible","75","115","65","112","55","65"
"Wishiwashi","746","agua","","Banco","Ímpetu Arena","Valor","45","140","130","30","140"
"Mareanie","747","agua","veneno","Ensañamiento/Flexibilidad","Regeneración","50","53","62","45","43","52"
"Toxapex","748","agua","veneno","Ensañamiento/Flexibilidad","Regeneración","50","63","152","35","53","142"
"Mudbray","749","tierra","","Ritmo Propio/Firmeza","Foco Interno","70","100","70","45","45","55"
"Mudsdale","750","tierra","","Ritmo Propio/Firmeza","Foco Interno","100","125","100","35","55","85"
"Dewpider","751","agua","bicho","Pompa","Absorbe Agua","38","40","52","27","40","72"
"Araquanid","752","agua","bicho","Pompa","Absorbe Agua","68","70","92","42","50","132"
"Fomantis","753","planta","","Defensa Hoja","Respondón","40","55","35","35","50","35"
"Lurantis","754","planta","","Defensa Hoja","Respondón","70","105","90","45","80","90"
"Morelull","755","planta","hada","Iluminación/Efecto Espora","Cura Lluvia","40","35","55","15","65","75"
"Shiinotic","756","planta","hada","Iluminación/Efecto Espora","Cura Lluvia","60","45","80","30","90","100"
"Salandit","757","veneno","fuego","Corrosión","Despiste","48","44","40","77","71","40"
"Salazzle","758","veneno","fuego","Corrosión","Despiste","68","64","60","117","111","60"
"Stufful","759","normal","lucha","Zoquete/Peluche","Gran Encanto","70","75","50","50","45","50"
"Bewear","760","normal","lucha","Zoquete/Peluche","Nerviosismo","120","125","80","60","55","60"
"Bounsweet","761","planta","","Defensa Hoja/Despiste","Velo Dulce","42","30","38","32","30","38"
"Steenee","762","planta","","Defensa Hoja/Despiste","Velo Dulce","52","40","48","62","40","48"
"Tsareena","763","planta","","Defensa Hoja/Regia Presencia","Velo Dulce","72","120","98","72","50","98"
"Comfey","764","hada","","Velo Flor/Primer Auxilio","Cura Natural","51","52","90","100","82","110"
"Oranguru","765","normal","psiquico","Foco Interno/Telepatía","Simbiosis","90","60","80","60","90","110"
"Passimian","766","lucha","","Receptor","Competitivo","100","120","90","80","40","60"
"Wimpod","767","bicho","agua","Huida","Competitivo","25","35","40","80","20","30"
"Golisopod","768","bicho","agua","Retirada","Competitivo","75","125","140","40","60","90"
"Sandygast","769","fantasma","tierra","Hidrorrefuerzo","Velo Arena","55","55","80","15","70","45"
"Palossand","770","fantasma","tierra","Hidrorrefuerzo","Velo Arena","85","75","110","35","100","75"
"Pyukumuku","771","agua","","Revés","Ignorante","55","60","130","5","30","130"
"Código Cero","772","normal","","Armadura Batalla","Ignorante","95","95","95","59","95","95"
"Silvally","773","normal","","Sistema Alfa","Ignorante","95","95","95","95","95","95"
"Minior","774","roca","volador","Escudo Limitado","Ignorante","Valor","60","60","100","60","60"
"Komala","775","normal","","Letargo Perenne","Ignorante","65","115","65","65","75","95"
"Turtonator","776","fuego","dragon","Caparazón","Ignorante","60","78","135","36","91","85"
"Togedemaru","777","electrico","acero","Pararrayos/Punta Acero","Robustez","65","98","63","96","40","73"
"Mimikyu","778","fantasma","hada","Disfraz","Punta Acero","55","90","80","96","50","105"
"Bruxish","779","agua","psiquico","Cuerpo Vívido/Mandíbula Fuerte","Piel Milagro","68","105","70","92","70","70"
"Drampa","780","normal","dragon","Cólera/Herbívoro","Aclimatación","78","60","85","36","135","91"
"Dhelmise","781","fantasma","planta","Acero Templado","Herbívoro","70","131","100","40","86","90"
"Jangmo-o","782","dragon","","Antibalas/Insonorizar","Funda","45","55","65","45","45","45"
"Hakamo-o","783","dragon","lucha","Antibalas/Insonorizar","Funda","55","75","90","65","65","70"
"Kommo-o","784","dragon","lucha","Antibalas/Insonorizar","Funda","75","110","125","85","100","105"
"Tapu Koko","785","electrico","hada","Electrogénesis","Telepatía","70","115","85","130","95","75"
"Tapu Lele","786","psiquico","hada","Psicogénesis","Telepatía","70","85","75","95","130","115"
"Tapu Bulu","787","planta","hada","Herbogénesis","Telepatía","70","130","115","75","85","95"
"Tapu Fini","788","agua","hada","Nebulogénesis","Telepatía","70","75","115","85","95","130"
"Cosmog","789","psiquico","","Ignorante","Telepatía","43","29","31","37","29","31"
"Cosmoem","790","psiquico","","Robustez","Telepatía","43","29","131","37","29","131"
"Solgaleo","791","psiquico","acero","Guardia Metálica","Telepatía","137","137","107","97","113","89"
"Lunala","792","psiquico","fantasma","Guardia Espectro","Telepatía","137","113","89","97","137","107"
"Nihilego","793","roca","veneno","Ultraimpulso","Telepatía","109","53","47","103","127","131"
"Buzzwole","794","bicho","lucha","Ultraimpulso","Telepatía","107","139","139","79","53","53"
"Pheromosa","795","bicho","lucha","Ultraimpulso","Telepatía","71","137","37","151","137","37"
"Xurkitree","796","electrico","","Ultraimpulso","Telepatía","83","89","71","83","173","71"
"Celesteela","797","acero","volador","Ultraimpulso","Telepatía","97","101","103","61","107","101"
"Kartana","798","planta","acero","Ultraimpulso","Telepatía","59","181","131","109","59","31"
"Guzzlord","799","siniestro","dragon","Ultraimpulso","Telepatía","223","101","53","43","97","53"
"Necrozma","800","psiquico","","Armadura Prisma","Telepatía","Valor","97","107","101","79","127"
"Magearna","801","acero","hada","Coránima","Telepatía","80","95","115","65","130","115"
"Marshadow","802","lucha","fantasma","Experto","Telepatía","90","125","80","125","90","90"
"Poipole","803","veneno","","Ultraimpulso","Telepatía","67","73","67","73","73","67"
"Naganadel","804","veneno","dragon","Ultraimpulso","Telepatía","73","73","73","121","127","73"
"Stakataka","805","roca","acero","Ultraimpulso","Telepatía","61","131","211","13","53","101"
"Blacephalon","806","fuego","fantasma","Ultraimpulso","Telepatía","53","127","53","107","151","79"
"Zeraora","807","electrico","","Absorbe Elec","Telepatía","88","112","75","143","102","80"
"Meltan","808","acero","","Imán","Telepatía","46","65","65","34","55","35"
"Melmetal","809","acero","","Puño Férreo","Telepatía","135","143","143","34","80","65"
